PERMNO,bankruptcy_dt
10011,26-07-1999
10012,11-02-1987
10013,10-09-1987
10039,26-03-2002
10045,05-03-1987
10047,10-01-1995
10047,04-01-2000
10048,02-07-2002
10055,02-04-1996
10074,23-02-1996
10076,26-02-1990
10077,27-11-1991
10084,16-10-1997
10091,08-03-2002
10092,06-04-2011
10099,01-01-1988
10114,02-09-2004
10118,07-11-1997
10125,30-08-1991
10141,04-09-1996
10152,30-04-1990
10153,29-06-1987
10167,27-04-1987
10169,01-01-1989
10174,26-02-1993
10175,26-02-1992
10175,06-10-1998
10178,26-02-1999
10178,04-06-2001
10183,13-07-1987
10190,05-09-1991
10191,13-07-1990
10216,01-05-2001
10217,08-12-1999
10222,12-12-1995
10247,12-11-1993
10247,28-12-1999
10249,06-04-1989
10264,21-03-1989
10269,23-07-1984
10281,02-02-2000
10282,22-11-1992
10282,01-05-1996
10283,01-01-1988
10285,17-01-1992
10304,20-08-2010
10306,21-05-1984
10311,10-08-1988
10320,01-11-1990
10325,18-05-2001
10326,27-02-1998
10329,15-12-1992
10354,03-04-1992
10357,01-01-1984
10361,27-03-1996
10362,05-06-2009
10364,09-08-2005
10365,01-07-1985
10373,01-01-1987
10388,04-09-2003
10397,12-06-2006
10403,16-05-1988
10412,10-03-2000
10434,13-01-1998
10468,22-11-1988
10480,01-06-1986
10489,28-03-1988
10496,05-05-1999
10504,05-12-1991
10504,28-10-1996
10511,21-09-1989
10531,07-12-2000
10535,12-04-1989
10554,06-08-1987
10555,14-07-1987
10556,07-06-1991
10557,27-02-1995
10563,11-01-2010
10564,28-06-2002
10573,09-02-1998
10577,24-05-1988
10601,26-05-1988
10608,15-02-2007
10611,09-10-1998
10621,17-01-1983
10625,16-12-1991
10634,08-10-1997
10642,07-03-1988
10652,17-07-1996
10653,15-02-1991
10656,20-09-2019
10678,12-06-1988
10679,13-11-1987
10699,03-06-1986
10701,04-10-1991
10708,27-07-1988
10745,05-06-2001
10750,09-08-2000
10753,06-07-2005
10763,16-11-1993
10786,15-10-2001
10791,09-05-2006
10805,13-06-1990
10816,01-01-1984
10824,05-06-1987
10826,25-04-1988
10840,30-07-1990
10846,09-02-1988
10863,22-01-2001
10863,28-01-2002
10870,23-11-1998
10878,18-09-2003
10879,22-04-1997
10881,08-12-2015
10919,30-07-1987
10928,28-08-2003
10934,31-10-1989
10963,12-10-2004
10971,14-04-1981
10988,13-11-2000
10994,27-12-2011
10996,27-10-1987
11023,01-08-1990
11024,01-01-1988
11040,09-04-2001
11042,22-07-2002
11048,29-07-2010
11049,04-04-1989
11072,25-09-2003
11080,22-11-1993
11088,05-12-2000
11103,03-05-2000
11106,06-04-2001
11106,10-09-2003
11112,01-01-1989
11119,26-02-1999
11125,16-03-1989
11127,01-01-1988
11139,09-12-2003
11148,01-01-1988
11149,02-05-2002
11158,26-07-1988
11159,26-08-2003
11160,28-01-1993
11161,20-07-2010
11162,06-01-2010
11169,29-03-1993
11188,28-03-1990
11197,28-11-2001
11200,01-01-1984
11215,20-10-2001
11217,14-01-1997
11224,01-01-1988
11226,28-12-1989
11239,15-06-1990
11245,01-01-1985
11259,01-05-1995
11278,21-02-2008
11302,08-12-1989
11306,15-02-2011
11309,01-02-1983
11315,12-02-2007
11315,28-07-2011
11317,16-08-1984
11337,01-01-1989
11340,31-07-1991
11340,22-11-1995
11342,17-02-2004
11344,13-05-1994
11344,01-12-1995
11351,06-02-1989
11358,01-09-2005
11360,26-10-1984
11365,24-08-2001
11384,28-02-2008
11401,16-09-2003
11405,06-10-1998
11428,01-01-1990
11435,28-09-1988
11447,23-02-2001
11453,13-12-1993
11453,17-05-1996
11459,11-08-2000
11477,02-06-1998
11477,09-05-2002
11478,11-05-2016
11479,18-05-1999
11483,29-12-2006
11484,13-04-2000
11491,01-01-1990
11492,16-03-1998
11496,18-08-2006
11508,27-03-2002
11523,04-06-1992
11549,11-01-1993
11557,08-05-1989
11560,15-04-1994
11564,22-02-1988
11573,11-01-2008
11601,02-07-2013
11605,26-06-1989
11607,06-03-2006
11613,08-08-1989
11616,01-01-1983
11617,08-06-1993
11621,29-01-1990
11640,15-02-1991
11651,02-04-1998
11662,16-06-2000
11662,15-08-2008
11665,16-01-2004
11673,26-01-1995
11673,29-08-1996
11681,28-12-2006
11693,24-04-1989
11696,03-05-1988
11697,15-08-1990
11725,05-08-1997
11728,19-03-2004
11741,28-02-2005
11747,30-01-1991
11747,04-02-2002
11754,19-01-2012
11755,30-01-1984
11756,22-07-1988
11760,17-03-2003
11792,28-05-1993
11798,01-01-1982
11804,02-03-1989
11827,19-02-1987
11829,20-01-1989
11834,26-06-1972
11838,28-12-2001
11843,01-06-1992
11852,05-12-2000
11854,13-08-2004
11865,19-12-1989
11868,12-09-1997
11874,16-01-2001
11881,02-03-2009
11887,18-01-2000
11887,01-03-2001
11889,15-11-1989
11895,11-10-2002
11898,03-01-1996
11918,14-07-1999
11929,29-08-1997
11933,04-02-2003
11939,30-11-1990
11940,31-01-1990
11945,08-01-2008
11947,25-06-2001
11953,08-06-1990
11956,25-08-2006
11964,15-08-2001
11971,14-08-1998
11987,04-04-1990
11987,18-05-2001
11998,06-02-2009
11999,24-06-2015
12003,19-05-1995
12007,09-10-2018
12037,01-01-1984
12046,07-07-2003
12074,17-01-2001
12079,03-06-2009
12080,13-03-2017
12083,30-05-1989
12091,24-08-1990
12117,22-02-2002
12121,16-08-2002
12122,30-06-2005
12127,25-09-1989
12135,30-12-1993
12167,25-01-1995
12167,03-10-2000
12169,12-03-2015
12178,02-05-2007
12188,19-05-2011
12188,10-05-2012
12202,21-11-2001
12208,10-08-2001
12218,15-08-1997
12230,05-05-1999
12239,01-07-1999
12240,03-12-1982
12240,17-02-1984
12251,07-06-1990
12284,19-12-1996
12320,06-12-2004
12320,01-12-2005
12349,09-01-2015
12389,30-06-2016
12399,03-06-2015
12424,27-06-1991
12432,18-06-1986
12440,22-06-2015
12496,11-09-2017
12555,08-01-1975
12557,14-12-2018
12590,01-11-1985
12619,03-10-1988
12637,23-03-2016
12707,09-05-1986
12715,13-04-1989
12743,25-09-2013
12749,18-12-2002
12784,19-05-2017
12793,18-12-2013
12797,02-08-2017
12883,16-07-2014
12887,10-11-2014
12888,10-12-1990
12889,27-08-1985
12894,21-07-2016
12897,01-01-1987
12903,02-04-2009
12903,18-06-2015
12933,23-02-1993
12959,29-07-2014
12963,23-01-2017
13063,28-12-2000
13078,12-09-2012
13104,12-09-2017
13115,26-12-2013
13116,04-01-2017
13119,17-07-1997
13127,10-09-2001
13139,12-08-2019
13163,17-01-2017
13167,13-12-2018
13179,01-01-1986
13187,15-07-1993
13204,28-07-2016
13224,28-01-2008
13225,05-05-2014
13290,03-07-1991
13349,02-05-2016
13373,09-11-2016
13378,08-04-2015
13408,08-06-2017
13418,26-11-2001
13435,19-12-1985
13647,11-05-2016
13688,14-01-2019
13688,06-04-2001
13718,28-09-2004
13755,30-12-2015
13792,22-06-1970
13793,18-08-1986
13874,04-05-2016
13895,17-07-2019
13934,12-05-2017
13938,25-03-2013
13976,14-01-2005
13977,08-05-2018
14004,04-02-2016
14016,12-12-2001
14026,15-04-2019
14049,31-01-2017
14053,02-02-2016
14135,22-01-2007
14143,19-12-2016
14148,27-09-2016
14152,03-03-2015
14154,26-06-1979
14185,03-08-2009
14189,02-04-2001
14247,20-12-2019
14261,05-02-2016
14266,12-05-2015
14288,12-12-2017
14349,01-01-1989
14355,17-11-2009
14366,01-01-1988
14392,04-10-2019
14402,16-11-2009
14417,12-09-2017
14447,03-12-2018
14455,31-10-2018
14462,19-10-1984
14465,02-05-2016
14530,15-04-2019
14534,19-10-1995
14683,07-06-2016
14700,30-04-1976
14713,20-04-2017
14717,22-12-2016
14721,04-11-2019
14735,21-12-2017
14735,31-10-2016
14736,12-04-1987
14784,16-02-2016
14788,07-08-1987
14861,24-03-2016
14921,05-10-1973
14955,28-11-2001
15099,06-07-2018
15188,28-07-2016
15325,08-04-1993
15367,19-05-2016
15449,08-08-2003
15499,17-07-1986
15502,21-12-2000
15532,28-05-2002
15544,26-02-1992
15544,10-09-2001
15560,07-10-2015
15712,20-05-2005
15834,04-10-2017
15915,07-04-1980
15955,13-11-2019
15967,01-07-1983
15974,09-11-1993
15991,03-04-2009
16003,21-07-1989
16053,13-01-1991
16067,13-12-2017
16096,30-07-1979
16249,03-01-2017
16257,20-04-1983
16344,07-01-1985
16571,01-04-2019
16677,23-09-2019
16695,07-01-1991
16707,26-08-1982
16732,24-10-1990
16802,07-07-2016
16806,10-07-2018
16830,17-09-2019
16969,03-10-1975
17013,17-03-2003
17014,22-02-1991
17072,24-05-1974
17225,12-02-1991
17304,15-01-1990
17322,05-08-2019
17337,08-03-2005
17339,01-09-1976
17356,14-11-1985
17435,11-03-1985
17495,28-12-1990
17508,20-08-1985
17516,19-11-1986
17604,10-04-1989
17646,27-10-1982
17698,01-01-1982
17727,10-11-1976
17814,17-04-1987
17874,03-07-1996
17946,22-02-1999
17981,09-05-2016
17989,13-08-1999
18025,14-09-1989
18033,15-10-2013
18067,23-12-1996
18067,23-08-1999
18172,19-08-1986
18198,21-07-2000
18199,01-01-1986
18278,24-01-1991
18278,26-06-1992
18279,27-08-1986
18286,10-03-1989
18286,20-04-2001
18390,02-12-1977
18439,03-04-2008
18446,17-04-2000
18631,12-06-1981
18702,20-03-1973
18817,28-09-1990
18980,19-05-1993
18980,14-04-1982
18981,10-01-1978
18999,17-02-2003
19019,27-08-1996
19019,07-03-2002
19095,28-09-1989
19131,17-03-1993
19238,16-04-1985
19289,09-02-1983
19298,01-01-1983
19334,18-09-1980
19458,23-07-1974
19530,01-03-1985
19589,06-02-1998
19596,09-12-2002
19617,31-01-1992
19617,10-01-2001
19692,07-12-2000
19693,15-06-1998
19714,26-09-1973
19933,31-12-2002
19975,27-02-2004
20029,02-08-1985
20029,01-01-1987
20052,01-11-1985
20221,03-05-2001
20240,17-12-1998
20248,16-04-2013
20320,11-10-1990
20320,17-07-2000
20394,27-12-2000
20458,24-09-1998
20504,12-11-1986
20570,28-10-1990
20677,15-11-2001
20693,09-03-1992
20693,28-08-2000
20723,15-03-2002
20854,22-02-1990
20897,10-10-1997
20918,07-07-1994
20918,02-08-1996
20968,17-07-1996
20968,13-07-1977
20976,09-03-1989
20984,25-09-1991
20984,26-02-1998
21020,29-11-2011
21039,17-11-1995
21039,09-03-1999
21338,01-10-2001
21346,16-10-1978
21434,12-01-2004
21603,10-03-1975
21710,02-07-1973
21769,18-07-1983
21864,26-05-1982
21872,03-12-1996
21872,07-01-1991
21872,11-04-2005
21881,18-03-1985
21945,19-07-1993
21960,05-01-2009
21960,19-04-2011
22023,24-09-2001
22074,07-11-1978
22162,24-02-1981
22189,06-12-2000
22250,26-01-2009
22270,07-03-1977
22307,02-05-1986
22366,12-08-1992
22402,20-12-1977
22510,11-07-1977
22518,20-02-2009
22585,10-10-2007
22605,20-06-2005
22605,28-05-1986
22664,21-01-2004
22664,29-07-1982
22680,11-03-2009
22702,12-12-1986
23026,05-04-2018
23027,08-10-1997
23034,10-10-2000
23043,29-06-1983
23094,01-01-1986
23211,01-01-1984
23289,01-01-1983
23317,17-12-2001
23377,12-12-1990
23472,09-09-2011
23481,14-02-1997
23537,28-07-2008
23545,08-02-1996
23587,27-03-1975
23676,30-01-1985
24010,28-09-2005
24046,15-03-2018
24089,16-11-1990
24126,11-12-1995
24126,08-07-2003
24214,16-06-1986
24256,18-02-2004
24273,16-06-1988
24409,05-09-1989
24433,01-05-1982
24513,12-03-1980
24521,12-06-1990
24548,13-07-2009
24563,11-12-2015
24600,24-03-1994
24620,26-08-2009
24628,26-08-2009
24635,26-02-2002
24695,01-01-1986
24707,03-10-2003
24716,08-02-1996
24731,01-03-1993
24731,19-02-1982
24732,01-01-1984
24803,24-02-2005
24804,02-12-1985
24811,19-10-2000
24854,22-02-2000
24918,29-01-2002
24978,01-01-1986
25005,07-02-2014
25073,31-05-2005
25241,01-01-1983
25444,14-11-1991
25515,15-12-1975
25689,20-04-2008
25690,11-03-1974
25718,03-02-1993
25735,06-11-1980
25770,19-11-1986
25807,08-05-1986
25815,10-01-1986
25850,31-10-1983
25911,01-04-1983
25997,16-12-1985
26068,01-03-1987
26105,23-09-1986
26112,15-09-2005
26113,03-01-1985
26286,13-10-2004
26308,21-09-1989
26331,17-10-2000
26375,20-08-1985
26438,12-10-2001
26535,16-01-2009
26594,28-03-1984
26657,15-12-2010
26658,09-09-1991
26673,30-03-2008
26738,24-12-1986
27000,28-02-1990
27028,23-08-1989
27044,31-01-2001
27204,18-03-2003
27238,12-09-1977
27247,19-07-1990
27271,01-01-1987
27318,19-12-2000
27370,27-06-1988
27393,04-09-1975
27473,12-09-1999
27503,19-09-1990
27610,26-05-1988
27617,25-01-1982
27800,28-07-1998
27800,12-02-2001
27802,08-03-2002
27836,15-01-1982
28004,01-01-1986
28039,12-08-1987
28090,20-05-1983
28151,08-11-1999
28311,18-12-2001
28338,20-07-1981
28346,31-07-1990
28354,24-01-1985
28389,01-08-1983
28409,28-03-1990
28469,01-01-1987
28506,01-01-1989
28600,01-11-1982
28601,10-06-1971
28636,25-06-1993
28652,27-12-1984
28679,01-03-1978
28791,13-06-1977
28847,11-08-2002
28847,12-09-2004
29102,22-02-1988
29241,17-06-1975
29276,30-03-1992
29277,07-11-1989
29284,01-08-1983
29293,08-11-1983
29314,31-01-1989
29365,01-12-1985
29399,03-09-1964
29429,01-11-1981
29525,14-11-1988
29532,19-03-2009
29532,10-03-1965
29541,04-06-1983
29605,02-11-1988
29620,31-08-1970
29663,20-07-1988
29663,01-03-1990
29701,01-01-1990
29719,29-09-1970
29743,31-07-1974
29751,01-02-1980
29795,22-05-2001
29955,19-09-1984
29962,09-09-1988
29990,27-08-1973
30024,07-04-1997
30031,01-06-2009
30074,27-09-2007
30163,01-01-1989
30190,11-08-1986
30402,19-06-2017
30446,29-06-1977
30453,26-04-1971
30593,09-11-2015
30744,05-03-1964
30809,04-01-1991
30816,07-03-1989
30832,02-10-1984
30832,06-11-1985
30841,09-05-1977
30883,28-02-1981
31026,16-02-1999
31043,01-11-1981
31050,22-04-1971
31069,01-10-1986
31114,05-02-1973
31130,01-05-1973
31174,01-01-1987
31182,01-01-1989
31310,01-07-1986
31341,06-01-2009
31342,16-06-1986
31376,01-12-2003
31385,30-01-2004
31414,10-03-1999
31464,31-07-1972
31465,06-01-1986
31499,23-04-1976
31580,01-01-1987
31595,19-02-1991
31608,01-09-2000
31609,06-08-2001
31675,02-07-1969
31705,18-09-1985
31755,04-12-1978
31764,31-12-1991
31772,01-03-1982
31835,17-08-1972
31843,21-08-1970
31878,11-12-1991
31931,27-12-1974
31974,26-02-2001
31982,16-05-1972
32037,18-04-1990
32045,06-10-1970
32089,09-11-1993
32141,06-04-1990
32206,06-12-1984
32273,20-10-2000
32301,25-03-1974
32344,09-10-1975
32380,11-02-1977
32409,06-02-1985
32440,07-05-2001
32441,01-01-1985
32484,02-09-1982
32563,08-12-1999
32571,15-11-1974
32572,09-01-1984
32600,09-08-1995
32619,14-09-2005
32620,27-03-1987
32636,14-02-2012
32716,09-05-2001
32724,01-01-1986
32759,05-10-1982
32766,01-07-1969
32783,26-08-1988
32791,02-07-2019
32889,08-09-1981
32927,17-07-1985
32978,26-10-1984
32994,10-10-1986
33006,01-08-1985
33073,30-05-1984
33080,05-01-2000
33080,27-12-2003
33100,06-11-2003
33145,07-01-1993
33179,19-08-1985
33216,22-10-1974
33225,19-07-2001
33225,01-01-1985
33232,20-08-1991
33284,11-02-1988
33292,08-05-1991
33347,18-11-1991
33478,07-05-2003
33487,01-01-1984
33574,04-01-1980
33646,23-10-1991
33670,03-12-1973
33690,08-02-2010
33697,29-09-1970
33815,18-05-2009
33961,04-03-1974
33989,27-10-1982
33996,19-10-1977
33996,02-10-1979
34059,23-07-1976
34076,22-06-1994
34121,07-02-2005
34198,29-09-1972
34200,03-07-1970
34251,30-06-2015
34332,21-01-1998
34439,08-07-1982
34462,30-10-1974
34518,12-08-1970
34569,26-02-1969
34593,18-05-1978
34665,25-02-2002
34681,03-04-1985
34703,01-01-1984
34797,11-10-1978
34809,14-12-1988
34826,10-03-1989
34841,01-04-2002
34841,26-11-2003
34876,05-06-1973
34892,29-05-1985
34948,18-01-2002
34948,07-12-2004
34981,01-03-1991
35078,01-10-1980
35182,02-03-1999
35334,20-04-1987
35351,16-03-1989
35414,10-12-1974
35449,23-04-1970
35457,14-04-1981
35473,06-02-1967
35589,13-05-1991
35597,06-04-1989
35684,16-02-1973
35692,17-09-1970
35756,01-11-1983
35756,04-01-1985
35916,18-03-1980
35975,22-07-1983
36097,01-01-1983
36134,20-02-1982
36134,04-06-1986
36222,28-04-1982
36581,03-02-1983
36696,01-06-1983
36708,18-11-1986
36740,11-02-1992
36740,05-01-1996
36741,01-01-1987
36759,01-04-1982
36760,01-01-1990
36767,09-03-1971
36776,01-01-1985
36805,04-02-1994
36813,01-01-1982
36863,09-04-1975
36935,23-06-1986
37073,26-10-1976
37110,31-07-1972
37196,27-09-1966
37241,25-07-1967
37276,31-08-1998
37365,19-02-1991
37399,17-08-1987
37437,01-01-1983
37444,30-04-1970
37479,01-01-1975
37576,17-10-1974
37592,01-01-1985
37640,10-03-1999
37672,24-10-1983
37699,18-06-2008
37699,09-05-2018
37719,22-03-1978
37744,05-10-2011
37794,08-06-1972
37874,03-04-1992
37938,09-03-1965
37946,10-05-1965
37962,28-09-1984
37970,24-01-1979
38026,26-09-1979
38068,08-02-1980
38122,09-03-1982
38122,20-05-1983
38173,17-09-1992
38245,01-01-1984
38252,25-05-1965
38317,21-10-2003
38384,17-09-1996
38420,23-03-2009
38439,13-07-1977
38440,01-09-1982
38447,13-03-1992
38594,19-05-2008
38615,27-02-1974
38631,05-06-1973
38667,31-12-1986
38690,09-02-1972
38711,28-04-1992
38738,26-02-1973
38747,18-03-1983
38770,30-10-1998
38770,20-11-1972
38790,12-03-2013
38966,08-02-1990
39001,22-05-1964
39028,29-06-2001
39060,18-09-1973
39095,29-03-1971
39108,08-02-2005
39116,24-01-1994
39183,04-04-1972
39184,16-01-1974
39204,12-11-1989
39212,12-11-1989
39248,01-01-1984
39351,24-09-1981
39386,19-01-1984
39415,09-11-2007
39474,03-06-1976
39503,15-05-1973
39677,04-12-1970
39685,08-12-1981
39730,21-04-1975
39749,29-11-1973
39749,15-01-1975
39757,11-02-1975
39766,23-10-2012
39781,18-10-1993
39846,16-11-1987
39925,18-08-1982
39984,15-10-1990
40037,06-08-2001
40054,06-09-1996
40109,10-07-2001
40117,30-11-1967
40126,16-09-1974
40352,11-02-1991
40387,28-08-1986
40417,18-05-1984
40425,12-09-2000
40520,03-03-1978
40600,29-04-1980
40708,15-10-1992
40812,23-02-1976
40934,25-02-1981
40951,04-10-1983
40994,26-09-2000
41022,01-04-1985
41101,18-05-1999
41152,24-11-1987
41152,01-10-1984
41209,05-10-1989
41216,24-01-1992
41267,22-01-1971
41275,24-01-1991
41283,27-09-2004
41305,15-12-1989
41339,23-03-1967
41419,20-11-2009
41420,11-06-1999
41515,18-07-1977
41603,27-02-1975
41662,28-07-1988
41690,31-05-1974
41734,02-04-1990
41849,04-02-1975
41910,14-06-1974
41937,21-08-1985
41945,06-10-1970
42040,18-03-1975
42091,09-03-1976
42113,01-05-1982
42155,23-12-1974
42236,13-03-1992
42251,26-04-1972
42315,28-09-1981
42324,18-02-1999
42359,03-07-1990
42366,03-11-1994
42366,23-07-1996
42375,20-09-1973
42383,06-12-1985
42455,28-08-2018
42543,15-08-2003
42586,16-03-1998
42665,30-01-1984
42729,01-09-1989
42729,02-11-1977
42885,01-01-1988
42948,23-07-1973
42957,31-03-1978
42964,31-12-1973
43019,28-04-1976
43043,13-01-1986
43079,18-02-1975
43158,01-03-1971
43166,01-07-1985
43211,10-02-1993
43318,01-12-1992
43326,01-02-1980
43430,20-11-1986
43457,14-03-1975
43465,28-03-1977
43684,15-11-1985
43692,05-07-2005
43749,16-06-1998
43773,10-04-2012
43780,26-09-1983
43844,20-07-1993
43991,05-04-1973
44098,25-10-1979
44119,01-01-1980
44127,24-05-1984
44150,26-10-2004
44185,21-07-1970
44231,06-04-1988
44231,23-10-1979
44249,19-03-1973
44337,23-02-1999
44396,06-06-2001
44441,17-03-1976
44548,25-04-1990
44548,28-08-2001
44564,09-02-2006
44565,09-09-2002
44580,17-11-1983
44581,02-09-1999
44653,01-01-1987
44760,22-11-1988
44767,13-02-1989
44804,06-03-2001
44804,08-09-2004
45050,30-08-1991
45073,15-06-1981
45146,06-09-1983
45153,21-07-1970
45188,03-06-1971
45217,27-02-2002
45225,20-06-1979
45233,01-05-1992
45313,19-03-2006
45314,01-01-1986
45322,23-12-1981
45349,01-04-1981
45372,13-12-1974
45381,07-12-1995
45428,27-01-1986
45437,04-08-2016
45560,01-10-2015
45612,05-02-1987
45647,13-02-2002
45656,11-04-1984
45779,25-02-1983
45794,07-03-1986
45890,18-05-2017
45955,24-09-2014
46010,01-01-1986
46025,12-06-1990
46033,11-04-1977
46041,06-07-1978
46077,19-01-1981
46084,17-09-1990
46105,29-04-1974
46113,14-03-1978
46121,26-11-1986
46237,30-01-2002
46237,16-03-2004
46244,04-06-1981
46261,01-01-1984
46287,07-01-1982
46288,08-10-1993
46295,10-03-2009
46501,12-08-1988
46552,20-01-1976
46595,01-01-1984
46615,11-07-1988
46615,20-09-1989
46746,29-03-1977
46826,10-05-1988
46869,04-09-1981
46878,06-11-1990
46885,08-09-1977
46957,18-09-2004
46957,12-03-2007
46973,21-09-1976
47108,19-11-1976
47124,29-06-1970
47141,29-05-2001
47160,29-06-1983
47175,12-11-2008
47191,25-08-1992
47204,20-12-1990
47221,02-03-1990
47239,24-11-1986
47271,01-04-2003
47351,19-03-1985
47352,26-04-1985
47416,01-08-1982
47424,22-01-1976
47590,01-05-1987
47598,18-06-1986
47634,24-10-1984
47635,31-10-1980
47750,10-11-1992
48047,15-05-1990
48047,25-09-1992
48063,03-12-1984
48072,20-12-1984
48127,09-08-1974
48127,13-06-1985
48151,05-12-1979
48208,10-10-1991
48231,29-06-1976
48363,01-12-1998
48363,27-07-2001
48450,26-02-1981
48451,21-02-1984
48565,15-04-1991
48573,10-08-1998
48646,03-12-1982
48661,07-05-1974
48709,11-09-2000
48709,21-11-2002
48717,14-06-1988
48733,01-01-1987
48776,26-04-1991
48776,27-01-1993
48784,01-08-1983
48785,12-05-1994
48849,01-01-1986
48952,04-12-1978
49111,30-08-1976
49112,01-01-1987
49171,05-10-1981
49270,23-07-1982
49286,21-08-2013
49330,15-05-1992
49357,05-03-1987
49438,06-12-1991
49446,04-08-1983
49462,02-05-1983
49509,28-05-1976
49526,09-03-2009
49576,12-10-1995
49614,05-07-2001
49664,21-01-1974
49672,22-08-1990
49752,22-10-2009
49840,16-06-1989
49868,01-07-1977
49940,01-01-1989
49947,21-06-1989
49947,11-07-1990
49998,10-12-1990
50040,20-10-1980
50041,01-01-1986
50075,28-08-2002
50075,19-01-2005
50092,04-03-2003
50139,10-03-1978
50198,13-12-1991
50201,05-11-1984
50219,16-04-1990
50219,18-03-1974
50236,14-08-1989
50243,06-07-1976
50286,12-12-2011
50307,30-11-1976
50315,17-10-1984
50323,26-04-1984
50403,03-09-1975
50411,22-02-1983
50470,17-02-1981
50593,25-08-1989
50606,18-05-2017
50630,22-03-1983
50657,09-01-2002
50657,13-08-1975
50665,20-12-1982
50682,22-07-1994
50738,28-06-1988
50745,15-02-1978
50818,16-04-1985
50825,10-12-1981
50972,31-12-1984
50981,07-03-1983
51027,23-02-1979
51035,24-07-1978
51051,05-05-1992
51078,05-02-1976
51123,28-01-1988
51158,14-06-2007
51158,03-02-1984
51335,26-06-1990
51335,05-07-1991
51422,01-08-1983
51450,20-03-1989
51457,15-11-2012
51481,25-04-1975
51545,31-01-1975
51554,14-03-1983
51642,01-01-1986
51668,20-10-1975
51685,01-03-1989
51713,25-07-1973
51773,01-01-1983
51941,12-10-1982
51983,10-03-1999
51992,15-03-1989
51992,08-06-2001
52098,09-09-1982
52185,28-03-1982
52231,08-04-1994
52250,11-05-2000
52266,19-12-1980
52273,01-01-1989
52281,31-10-1977
52330,30-09-1981
52361,12-04-1990
52361,13-10-1995
52572,14-06-1982
52629,29-06-1984
52644,28-05-1980
52652,02-06-1992
52687,10-12-1990
52688,01-01-1982
52732,15-01-1974
52740,30-11-1981
52741,14-12-1987
52804,31-07-2000
52847,19-09-1994
52847,30-10-1997
52927,27-02-1973
52943,05-01-1999
52943,22-02-1985
53049,06-10-1978
53050,11-01-1994
53050,06-02-1996
53082,13-10-2005
53137,24-10-2000
53137,31-10-1986
53217,23-05-1978
53276,16-11-1981
53284,20-11-1989
53284,12-03-1991
53292,21-12-1978
53306,01-04-1991
53364,26-04-1984
53380,08-12-1999
53400,20-11-1975
53444,07-01-1986
53452,01-01-1987
53460,02-09-1975
53509,26-06-1997
53560,05-05-1986
53699,31-08-1984
53701,04-03-1982
53751,22-06-1998
53751,15-02-2000
53824,19-01-1988
53867,01-11-1985
53939,01-10-1991
53954,06-04-1977
53971,01-05-1984
54026,01-10-1983
54033,30-11-2000
54113,20-08-1973
54148,18-11-1988
54164,18-03-2003
54165,12-04-1985
54244,04-11-1985
54261,05-08-1977
54279,24-11-2008
54340,28-03-1977
54360,01-01-1990
54391,23-08-2000
54439,03-03-2010
54447,18-09-1990
54501,21-10-1997
54528,21-04-1991
54536,05-10-1987
54551,24-09-1989
54578,25-10-1993
54682,26-04-1988
54712,23-02-1973
54738,30-06-1989
54762,23-02-1979
54770,18-03-2002
54789,17-01-1974
54797,03-12-1993
54826,01-01-1982
54981,02-02-1998
55044,17-08-2001
55060,20-05-2004
55079,26-06-1996
55087,03-08-1978
55141,01-01-1985
55167,21-09-1981
55167,22-08-1985
55183,03-07-1980
55205,17-05-2000
55221,05-02-2007
55239,26-12-1974
55247,20-09-1991
55248,17-01-1989
55328,25-11-2002
55335,30-07-1979
55351,24-10-1990
55394,01-01-1984
55423,06-11-1981
55546,18-01-1979
55670,14-08-1986
55706,13-11-2002
55757,21-08-2002
55757,01-02-1974
55766,31-07-1997
55853,15-05-1990
55888,31-03-1976
56047,12-03-1976
56119,30-10-2006
56143,26-11-2007
56144,29-10-1985
56215,29-11-1991
56223,04-05-1984
56303,16-12-1992
56303,17-05-1976
56354,17-06-1996
56355,09-09-1983
56426,16-11-1976
56507,03-04-1990
56549,02-08-1990
56557,29-03-2001
56557,05-10-1984
56602,20-10-2011
56726,12-12-1980
56864,24-01-1991
56900,05-03-1986
56928,24-03-1976
57015,29-09-1986
57058,12-04-1982
57197,23-10-1995
57234,15-02-1991
57307,29-10-1985
57488,10-10-1988
57488,21-10-1985
57496,01-07-1976
57509,15-04-2016
57576,03-01-1978
57656,02-09-1977
57699,16-02-1979
57701,21-06-1991
57728,30-06-1986
57832,15-03-1994
57883,31-01-1990
57891,14-07-2006
57955,09-09-1980
57963,18-12-1992
58018,04-01-1990
58026,18-11-2002
58035,02-03-1990
58069,21-09-1992
58077,10-01-2005
58085,02-02-1988
58157,01-08-1978
58165,27-10-1986
58245,21-03-1978
58309,17-02-1984
58333,01-12-1986
58406,15-09-2003
58464,31-10-1984
58480,25-11-1991
58528,13-08-1987
58544,06-05-1985
58608,04-01-2010
58640,14-01-2009
58641,09-05-1996
58667,18-01-2007
58668,25-02-1983
58675,12-12-2018
58704,15-05-2001
58747,05-04-1979
58800,26-09-2007
58801,06-01-1993
58887,23-05-2017
58894,18-07-1988
58895,15-09-1986
58924,01-09-1980
58931,23-07-1984
59002,31-12-1984
59037,18-04-1986
59062,01-01-1984
59089,13-05-2019
59109,01-08-1988
59110,02-03-2004
59142,30-10-1986
59168,19-12-1988
59206,02-05-1988
59265,18-03-1983
59273,01-11-1982
59460,22-05-1989
59467,08-11-1994
59467,09-10-2018
59475,24-02-2005
59484,01-01-1986
59505,30-09-1974
59548,27-02-1984
59564,01-01-1985
59572,01-01-1980
59619,31-08-2007
59707,21-11-1994
59707,03-05-2000
59758,11-02-1987
59782,15-05-1990
59790,13-11-1995
59839,14-10-1994
59846,14-02-1990
59935,20-03-1990
59950,31-03-1989
59978,13-05-2003
60004,08-07-1977
60011,01-10-1991
60071,12-02-1986
60135,05-05-1988
60143,17-04-1990
60177,29-09-1993
60185,26-03-1985
60194,01-01-1986
60230,28-10-1998
60231,10-09-1986
60273,03-10-2011
60329,25-04-1988
60346,07-09-2006
60354,29-11-2006
60388,03-12-1990
60388,20-03-1992
60409,15-08-1990
60425,02-07-1987
60426,01-12-1985
60513,13-07-1987
60602,01-03-1982
60602,27-04-1983
60653,07-04-2000
60661,01-01-1984
60680,07-06-1978
60732,03-10-1984
60864,30-04-2007
60919,21-01-1983
60920,18-12-1984
60927,08-11-1995
60978,06-10-1992
61014,21-09-1989
61196,25-09-1984
61210,23-10-1985
61268,20-03-2008
61292,29-02-1988
61293,14-12-1973
61357,12-04-1983
61372,25-09-1991
61429,28-09-1987
61436,23-09-1988
61487,24-04-2017
61524,27-07-2001
61525,27-02-1991
61525,16-10-2000
61540,20-11-2000
61541,07-05-1973
61567,23-01-1995
61567,06-12-1993
61655,25-09-1986
61719,22-08-1986
61866,08-04-1991
61947,01-01-1986
61955,12-05-2016
62033,01-01-1981
62041,24-02-1987
62084,22-12-1986
62114,26-06-1985
62165,01-02-1989
62288,01-06-1988
62288,27-11-1989
62316,22-08-1997
62333,17-04-1985
62368,15-03-2019
62439,05-12-1991
62439,23-09-1985
62440,31-01-1986
62447,22-11-1985
62455,24-03-1986
62463,03-12-1999
62500,25-03-1996
62535,29-06-1982
62544,19-11-1990
62551,01-03-1986
62579,01-07-1985
62586,03-10-1990
62586,01-07-1992
62607,02-11-2001
62607,11-08-2003
62615,25-10-1993
62632,05-05-1980
62666,15-10-1987
62712,02-08-1991
62790,06-12-2002
62885,21-02-2012
62907,29-10-2003
62914,24-01-2001
62965,20-12-1983
63001,31-03-1983
63037,01-01-1988
63061,23-02-1999
63079,20-10-1992
63079,25-10-2016
63095,08-05-1990
63124,30-09-1985
63175,01-05-1987
63205,09-03-1984
63212,28-01-1991
63213,28-03-1984
63298,26-11-1997
63298,04-06-2001
63336,21-07-1983
63386,07-12-1994
63431,21-06-1984
63459,30-12-1987
63474,08-10-1984
63482,14-07-1992
63589,07-10-1991
63618,15-02-1991
63626,02-08-1995
63626,22-01-1997
63642,03-05-1991
63669,27-01-1992
63693,05-12-1991
63749,05-08-1996
63774,01-01-1984
63829,18-10-2018
63846,09-10-1987
63846,16-07-2001
63909,25-04-1986
63917,08-10-1984
63933,02-06-1992
63968,15-03-1989
64039,12-11-1992
64040,16-09-1988
64048,31-10-1989
64120,23-02-1987
64144,05-01-1998
64144,01-01-1981
64151,03-06-1996
64291,12-12-2000
64370,03-08-1989
64389,07-12-1983
64470,12-04-1982
64477,09-06-2000
64493,01-02-1989
64522,21-09-1989
64549,09-09-1986
64566,02-05-1986
64573,29-03-1985
64582,25-05-2001
64582,02-07-2002
64611,24-10-1984
64630,02-07-1982
64709,19-11-1985
64717,22-09-2000
64741,28-11-1989
64813,25-10-1991
64821,30-06-1995
64849,27-04-1983
64857,01-06-1983
64864,31-08-2012
64873,17-02-1987
64901,15-01-2009
64937,01-07-1983
64979,31-08-2000
65023,21-09-1991
65023,09-02-1999
65059,18-02-2003
65066,19-06-2000
65103,02-09-1999
65103,23-10-2001
65112,16-08-1983
65190,01-01-1982
65227,24-11-1992
65235,27-04-1984
65315,13-10-2006
65349,07-02-1992
65373,03-03-2000
65373,20-02-2002
65429,02-11-2011
65445,21-09-1998
65446,12-01-2000
65496,09-07-2004
65517,09-12-1987
65518,28-04-1994
65605,20-12-2000
65622,29-09-1988
65664,06-09-1988
65664,24-11-1986
65673,10-03-1988
65681,01-03-1980
65787,11-12-2008
65816,18-08-1992
65816,21-09-1993
65833,06-07-1981
65867,28-05-1993
65891,14-12-1990
65955,09-03-1992
65964,09-04-2003
66050,19-06-2014
66106,01-08-1989
66130,22-04-2009
66173,01-06-1995
66173,05-08-1986
66182,01-01-1987
66202,22-10-1992
66254,13-08-1984
66261,29-07-1988
66288,27-02-2001
66384,01-11-1976
66405,29-10-1986
66421,07-08-1987
66449,15-12-1989
66502,01-01-1984
66536,29-08-1990
66536,05-12-1991
66537,28-06-1979
66545,28-02-2002
66560,31-05-1991
66579,14-11-1991
66588,13-07-1992
66595,27-07-1994
66675,12-02-1991
66704,05-11-1987
66705,25-06-2001
66712,17-07-1986
66720,15-04-1985
66739,04-01-2016
66801,06-10-1995
66843,31-12-1988
66886,25-10-1989
66915,29-11-1991
66931,03-06-2009
66974,09-03-1990
66983,04-12-1984
67037,27-12-1999
67045,23-03-1990
67045,13-09-1991
67046,15-06-2010
67109,15-12-1986
67117,10-04-1991
67126,19-10-1989
67184,09-03-1993
67192,13-01-1989
67206,17-05-1983
67213,14-12-1999
67214,17-09-1974
67221,31-08-1988
67257,29-02-1980
67280,07-03-1989
67299,28-01-1991
67328,31-08-2000
67328,30-04-2009
67329,01-01-1987
67336,25-02-1988
67345,22-11-2004
67352,26-06-1987
67352,21-12-1988
67432,08-04-2004
67459,19-03-2018
67468,17-09-1982
67512,05-12-1990
67555,14-08-1990
67619,08-12-2006
67620,05-09-1993
67620,28-04-1995
67643,07-07-1989
67678,17-06-1976
67679,08-08-2001
67694,30-08-1991
67732,22-09-2006
67766,08-08-1989
67790,17-05-1995
67803,27-12-1991
67803,05-04-1993
67846,31-12-1988
67862,31-07-2008
67871,22-01-1988
67918,05-11-1990
67985,31-07-1993
68005,14-06-1988
68056,20-06-1991
68065,09-02-2009
68100,01-01-1985
68101,12-05-1995
68145,13-11-1979
68180,14-08-1985
68195,24-04-1982
68208,17-11-1993
68291,03-11-1993
68320,17-09-1990
68363,21-01-1994
68435,12-02-1992
68451,03-06-2009
68486,23-10-1992
68487,09-06-2000
68494,22-01-2002
68603,31-07-1991
68654,23-11-1994
68734,15-07-1991
68743,03-10-2001
68769,16-06-1992
68785,15-10-1986
68807,02-12-1980
68850,08-02-1984
68873,20-05-1988
68874,11-07-1985
68881,12-07-2007
68881,16-03-1987
68910,04-06-1993
68937,17-12-1990
69040,31-07-1991
69075,08-05-1992
69076,07-04-1975
69083,30-06-1989
69147,14-01-2013
69155,04-05-1988
69201,23-03-1992
69228,31-12-1984
69235,19-01-1993
69315,16-08-1988
69316,20-03-1989
69374,11-02-1998
69383,03-03-1989
69411,16-01-2009
69439,02-10-1998
69526,12-04-1993
69542,29-06-2007
69569,06-04-1992
69665,09-01-1989
69868,22-06-1990
69913,27-11-1991
69914,20-04-1983
70000,18-07-1984
70010,12-03-1985
70034,01-01-1986
70077,30-03-1999
70113,05-04-1993
70113,23-06-1997
70122,07-03-1986
70164,28-09-1994
70164,16-05-1996
70172,22-06-2001
70202,01-01-1985
70244,09-08-1991
70245,26-05-1987
70260,10-01-1997
70288,02-05-2002
70367,31-08-1990
70421,09-10-1996
70455,10-11-1995
70586,13-02-1990
70595,01-01-1988
70659,10-04-1990
70691,21-04-1999
70754,15-11-1991
70819,28-02-1989
70850,10-07-1990
70850,27-12-1991
70965,04-12-2008
71053,20-07-1987
71080,01-01-1981
71117,17-03-1999
71117,01-02-2001
71124,16-01-2007
71205,19-07-1988
71239,19-07-1991
71459,01-06-1982
71539,01-07-1988
71555,07-08-2000
71635,01-01-1988
71977,01-01-1988
71984,20-04-2000
72207,30-01-1990
72224,28-06-1983
72267,01-07-1985
72311,12-01-2006
72389,24-08-1992
72451,02-04-1974
72494,13-03-2015
72581,17-07-1991
72654,01-01-1986
72777,22-05-1991
72785,02-06-1989
72849,17-06-1986
72857,22-12-1986
72988,31-12-1992
73067,27-06-1977
73112,09-03-1998
73112,17-07-2003
73171,10-12-1990
73171,11-04-1995
73323,13-12-1991
73374,13-03-1989
73462,01-01-1990
73665,01-01-1986
73700,30-03-1995
73729,25-09-2000
73905,19-08-1985
73913,20-05-1994
74019,11-07-1990
74027,28-06-1991
74094,03-05-2000
74123,12-11-1993
74377,29-06-1984
74473,19-03-1980
74502,06-09-1985
74529,01-04-2009
74553,02-04-2001
74625,05-03-1993
74844,07-02-1986
74967,26-04-1985
75031,18-09-1996
75031,15-04-2002
75041,13-01-1998
75042,28-10-1992
75043,22-01-1990
75061,30-07-1988
75066,27-03-2007
75080,27-09-1991
75085,27-12-1991
75089,01-01-1986
75126,25-09-1987
75149,04-02-1997
75150,10-08-2008
75153,11-02-1999
75158,15-07-1992
75161,11-11-1991
75162,07-01-2010
75163,05-03-2002
75166,31-05-1991
75170,04-02-1991
75187,24-12-1991
75190,08-03-1990
75220,31-12-1991
75286,25-02-2010
75291,11-02-1991
75291,14-07-1992
75295,11-09-1992
75303,15-09-1989
75303,23-05-1991
75309,03-02-1998
75310,30-05-2003
75314,16-03-1989
75318,08-08-2000
75318,21-03-2002
75326,11-01-2016
75327,30-05-2012
75328,24-01-2003
75344,03-11-1992
75345,15-03-2006
75356,23-01-1997
75356,06-02-1998
75358,18-10-1991
75375,02-05-2002
75385,03-04-2001
75385,03-04-2002
75396,01-01-1981
75397,01-03-1994
75398,14-02-2000
75409,23-02-1990
75417,02-05-2003
75422,17-07-2001
75435,21-07-1997
75435,02-11-2009
75441,01-07-1980
75444,07-01-2009
75451,17-09-1993
75454,01-07-2013
75462,29-03-2001
75462,01-11-2002
75480,25-03-1999
75513,01-01-1985
75527,11-09-2015
75539,26-02-1990
75541,29-04-1988
75548,23-09-1985
75554,27-04-2007
75558,12-02-2009
75561,23-09-1996
75563,21-10-2003
75570,15-05-1992
75580,26-06-2002
75585,20-12-2006
75597,19-05-2003
75604,29-05-2001
75611,05-09-2000
75621,14-11-2001
75635,09-08-1996
75643,20-07-1995
75643,23-05-2000
75651,05-07-1990
75655,14-06-2001
75659,24-07-2000
75659,07-04-2003
75675,18-12-2001
75681,17-08-1990
75698,18-11-1990
75705,27-11-1996
75710,30-06-1998
75727,12-06-1997
75732,06-03-2003
75739,24-01-2003
75747,18-04-2003
75749,15-11-1991
75758,27-12-2000
75760,23-09-2002
75763,23-01-1996
75819,13-09-1999
75823,24-04-2003
75834,03-05-2007
75848,09-10-1997
75869,04-04-1995
75872,09-02-1993
75875,15-09-1998
75882,14-05-2003
75892,09-10-1998
75894,26-10-1992
75899,14-12-2000
75903,08-09-1992
75913,27-01-1999
75914,24-07-1997
75953,24-12-1991
75957,03-10-2001
75967,11-12-2000
75968,27-06-2011
76015,19-05-2005
76016,11-01-2002
76017,03-12-1997
76025,05-03-2001
76027,03-01-2007
76037,09-08-2012
76039,08-03-2002
76041,19-04-2001
76058,30-04-1990
76066,19-12-1993
76074,04-02-2004
76075,11-02-2003
76079,13-06-2001
76085,24-08-2009
76092,10-07-1992
76093,10-07-1992
76106,15-07-1999
76116,16-02-1999
76139,05-04-2002
76153,01-11-1982
76167,12-10-1993
76173,28-01-1997
76209,15-06-2009
76212,19-08-2002
76217,04-11-2015
76222,01-07-2005
76228,20-10-2008
76229,08-07-1993
76229,12-11-2002
76232,23-08-1999
76232,20-02-2002
76252,26-04-2006
76254,28-06-1996
76262,13-10-1993
76278,19-09-1997
76278,09-08-1999
76295,20-09-2002
76328,28-04-1992
76332,23-09-2002
76353,24-10-1996
76353,26-12-2007
76362,08-04-2003
76393,16-01-2001
76407,02-05-2000
76408,10-04-2001
76420,15-06-1999
76420,09-01-2001
76427,23-09-1994
76440,12-02-1992
76444,01-01-1985
76448,09-09-2005
76462,24-07-2001
76481,17-08-2000
76491,18-01-1994
76498,30-01-1998
76505,08-08-2001
76508,11-06-1984
76512,28-06-2001
76516,27-08-1986
76524,27-05-1988
76526,09-07-2003
76530,29-05-2002
76536,16-07-2007
76538,29-05-1996
76542,12-12-2002
76545,12-12-2002
76546,03-04-1997
76553,23-04-2014
76566,04-03-2002
76582,04-02-2008
76607,18-09-1995
76626,02-02-2000
76651,23-08-1999
76663,25-05-1988
76672,04-09-2003
76678,21-10-1996
76689,23-04-1993
76691,01-12-2004
76703,07-07-2000
76720,27-03-2006
76738,21-10-1998
76745,22-09-2004
76757,10-11-2010
76758,26-02-2002
76759,27-12-1996
76771,20-09-1996
76793,22-08-2006
76799,08-05-2002
76802,27-09-2001
76807,03-04-2006
76809,15-02-1999
76847,05-02-2018
76848,03-11-1998
76861,13-10-1995
76876,06-02-1998
76880,24-05-2006
76881,08-03-2002
76896,15-09-1995
76900,24-02-2002
76901,18-07-1994
76904,19-08-2009
76910,03-04-2007
76915,19-05-1999
76916,19-10-2000
76919,17-02-1999
76931,03-05-2010
76945,01-07-1996
76947,20-10-2003
76949,06-04-1995
76967,15-05-1997
76972,12-11-1999
76977,10-05-2001
76978,21-12-2017
76979,18-04-2001
76983,21-01-1994
76991,17-03-1995
76995,23-03-2004
76999,27-12-2012
77002,24-09-1997
77018,01-12-2008
77026,09-06-2008
77038,28-07-2000
77039,17-06-2003
77040,14-01-2003
77040,04-11-2004
77055,15-04-1998
77076,08-09-1980
77080,11-06-2001
77088,17-02-2004
77088,05-09-2007
77098,09-08-2002
77102,06-12-1995
77112,07-12-1999
77142,10-07-2001
77158,08-08-2012
77176,24-05-1993
77181,01-08-2011
77183,17-11-1998
77186,29-08-2017
77197,03-08-2000
77209,10-04-1996
77219,25-09-2002
77227,16-04-2002
77230,08-09-2003
77239,29-10-1997
77245,07-06-1996
77247,18-05-2001
77255,29-01-2001
77261,13-12-2006
77265,26-11-2001
77270,20-05-2011
77276,31-07-2002
77293,19-10-1998
77297,20-08-1996
77312,18-01-2000
77312,17-04-2002
77321,03-04-2001
77323,13-11-2000
77324,25-02-2008
77348,08-12-1998
77349,11-02-1994
77358,22-09-1995
77358,23-07-1997
77364,01-04-1997
77364,07-02-2013
77385,13-11-1996
77385,13-12-2000
77389,19-10-2001
77397,23-10-1996
77403,01-02-2012
77420,09-09-2019
77423,15-08-1995
77438,09-05-2002
77440,21-02-2003
77444,25-12-1993
77464,27-08-2001
77465,29-11-2001
77478,16-07-1996
77480,02-10-1995
77483,14-11-2000
77529,07-02-1995
77531,17-09-1996
77536,09-08-1996
77540,21-07-1994
77540,04-02-1999
77541,06-03-2002
77541,19-08-2004
77564,16-10-1997
77572,02-07-2001
77574,27-06-1994
77576,09-11-2009
77582,13-07-2012
77588,29-09-2000
77593,08-09-1999
77601,15-12-1995
77601,24-04-1997
77602,22-12-2000
77603,10-10-2001
77611,16-07-1997
77615,30-11-1988
77619,05-04-2000
77619,01-06-2001
77623,06-05-1987
77625,24-05-2005
77631,03-07-1989
77648,15-01-1999
77650,18-02-1988
77657,02-02-1996
77657,29-12-1997
77665,21-05-1998
77667,03-12-2001
77671,17-10-2005
77685,25-11-2016
77687,31-01-2001
77688,24-09-2003
77697,17-07-2001
77762,23-10-1985
77764,13-07-2007
77769,19-10-2006
77770,23-06-1995
77770,03-12-1998
77783,13-08-2013
77794,14-02-1997
77796,17-08-1994
77810,01-01-1984
77812,15-11-1994
77821,10-12-2010
77829,20-02-2001
77843,02-02-2000
77846,10-10-1995
77854,12-03-2003
77855,18-07-2014
77865,20-04-2004
77866,08-09-1995
77873,02-01-2002
77883,07-04-2000
77886,02-10-1998
77893,14-05-2010
77899,14-01-1999
77919,01-11-2001
77930,05-12-1994
77931,14-10-2005
77964,27-08-2002
77967,01-06-2009
77969,30-03-1999
77979,29-08-2002
78007,13-11-1996
78025,20-12-1995
78029,15-05-2001
78032,03-08-2001
78032,01-03-2004
78041,20-06-2000
78055,28-04-1995
78070,25-07-1994
78074,20-09-1999
78079,24-06-2004
78098,13-05-1994
78108,12-04-2017
78113,29-01-2007
78124,11-03-1985
78145,29-04-2008
78146,06-12-2002
78159,17-08-1984
78161,21-08-2001
78163,30-09-1996
78164,25-01-1996
78177,07-05-1999
78186,07-11-2018
78194,21-06-2002
78198,12-07-2004
78207,16-02-2005
78208,04-01-2012
78220,07-11-1996
78250,26-11-1984
78268,04-08-2005
78280,16-06-1992
78302,29-06-1992
78303,05-11-1992
78332,15-01-1992
78347,06-05-1988
78351,10-08-1981
78351,01-11-1982
78369,06-04-2001
78377,08-10-1991
78414,28-02-1983
78426,31-01-2003
78428,13-05-1992
78449,03-09-1985
78454,15-01-1993
78493,01-04-1992
78505,19-02-1991
78550,19-06-1991
78565,09-12-1992
78571,13-07-1992
78573,10-07-1992
78598,10-08-1992
78608,03-08-1992
78611,03-08-1992
78626,04-12-1989
78647,10-06-1993
78649,13-03-1991
78656,10-07-1992
78657,06-05-1988
78660,19-11-1992
78663,26-02-1991
78667,10-07-1992
78677,14-01-1997
78688,21-05-2019
78708,28-01-1991
78716,28-03-1991
78718,16-07-2002
78719,26-04-1991
78725,02-11-1995
78729,01-06-1999
78729,11-12-2001
78731,09-04-1991
78738,19-01-1993
78760,01-05-2001
78786,08-07-2003
78790,20-06-1995
78791,20-03-2001
78839,16-01-2001
78860,20-01-1998
78869,26-01-2012
78873,19-06-1997
78890,22-08-2001
78897,11-12-1997
78906,12-09-1997
78913,22-04-1998
78923,25-06-1999
78951,18-12-2006
78953,19-06-2000
78956,03-04-2014
78980,17-11-1999
78990,25-10-2019
78999,08-04-2016
79009,21-03-2003
79010,30-03-2004
79010,05-12-2005
79016,05-08-2002
79023,24-06-2004
79043,26-11-1997
79053,17-11-2000
79053,30-07-2003
79062,07-03-2002
79075,10-05-2000
79077,01-03-2001
79096,17-11-1998
79099,07-07-2017
79102,27-08-1997
79124,09-06-2003
79129,16-04-2009
79130,19-04-1999
79147,06-08-2002
79149,04-11-2004
79149,06-02-2012
79152,24-04-2003
79164,17-09-2008
79171,10-09-2004
79174,02-08-1995
79178,24-10-1973
79184,29-07-2003
79187,16-07-1996
79192,28-07-2009
79197,30-05-2003
79202,14-02-1996
79205,18-12-2000
79244,28-06-2001
79256,20-03-2000
79257,07-02-2005
79259,07-09-2012
79260,18-03-2004
79261,23-05-2002
79262,13-07-2009
79272,05-02-2002
79288,09-07-2001
79314,25-03-1996
79314,23-04-1999
79328,23-11-2008
79335,16-01-2001
79351,01-05-2009
79366,07-11-2005
79370,03-06-1997
79371,02-05-2001
79391,27-02-2002
79400,06-06-2002
79404,01-11-2002
79407,24-04-2013
79413,20-04-2000
79416,11-10-2001
79437,12-09-1997
79437,11-10-2005
79438,14-10-1999
79438,14-11-2001
79443,24-06-2005
79444,14-12-2016
79483,24-09-1997
79498,06-07-2006
79500,28-01-2011
79508,07-07-2000
79511,27-08-2001
79513,03-03-1998
79518,23-07-2008
79529,26-03-2012
79532,01-06-2003
79535,13-12-2000
79562,02-07-2009
79563,04-04-2001
79567,17-02-1998
79568,24-04-2009
79591,01-08-2005
79601,07-02-2003
79603,29-05-1996
79607,09-03-2009
79613,30-11-2007
79623,01-09-1999
79634,01-11-2010
79674,08-10-2003
79676,28-09-2001
79690,29-04-1996
79695,18-01-2005
79695,28-01-2008
79696,12-06-2001
79704,15-07-2009
79710,23-03-2007
79712,28-01-2013
79713,22-06-2000
79715,07-03-2002
79732,29-11-2007
79740,03-06-2013
79742,18-01-2005
79743,23-09-1998
79745,22-01-2004
79745,03-02-2008
79779,27-10-1995
79780,17-04-2002
79787,30-10-1998
79800,05-11-2003
79804,09-10-1998
79818,13-01-2000
79828,27-04-2011
79832,11-10-1994
79834,23-01-1996
79837,08-05-1997
79837,30-10-1998
79838,19-12-2002
79850,20-03-2009
79855,10-03-1998
79860,17-08-2007
79861,19-01-2000
79875,29-02-2000
79887,06-03-1997
79902,12-10-2000
79924,17-01-2001
79924,30-06-1995
79927,10-08-2006
79928,17-06-1977
79931,27-12-2000
79932,18-10-2001
79933,15-09-2003
79942,27-08-1998
79955,11-12-1998
79958,10-03-2003
79969,05-05-2016
79971,22-09-2005
79971,24-02-2009
79982,30-07-1997
79989,14-06-1995
79999,13-02-2002
80017,10-05-2016
80020,11-06-2005
80035,03-06-2008
80036,10-01-2002
80051,19-03-1997
80052,18-01-2005
80064,07-05-1975
80091,15-01-1998
80113,19-12-2019
80118,03-02-1995
80123,04-12-1997
80141,17-03-1997
80141,12-02-1999
80181,12-11-1996
80184,14-10-2005
80195,06-10-1975
80226,15-10-1998
80239,11-05-2001
80239,05-08-2010
80269,26-11-1997
80282,28-01-1997
80285,16-09-1999
80285,27-12-2001
80287,13-01-1998
80314,26-08-1998
80316,10-04-2017
80324,10-10-2000
80327,04-11-1999
80342,03-04-1995
80345,14-09-2005
80345,21-05-2007
80349,11-12-1997
80351,08-09-2000
80360,05-11-2003
80363,16-08-1985
80366,24-11-1997
80371,27-04-1999
80371,14-11-2002
80372,15-05-2002
80382,16-08-2002
80387,10-10-2002
80390,21-11-1986
80391,17-05-2000
80391,03-05-2002
80404,24-10-2003
80413,23-05-2003
80413,28-08-2015
80419,25-12-1985
80422,07-07-2009
80440,27-07-2000
80443,13-05-2004
80445,30-01-1996
80448,11-12-1998
80463,19-10-2007
80477,13-09-2001
80489,09-11-2008
80497,13-09-2000
80504,01-08-2007
80519,19-02-1998
80528,15-04-2008
80532,15-12-2004
80542,22-09-1998
80543,30-01-2009
80559,01-06-2009
80576,29-11-2001
80599,19-09-2008
80603,01-01-1986
80604,15-11-2000
80609,26-07-2002
80610,25-11-1998
80611,29-02-1984
80612,05-04-2001
80647,01-08-1996
80651,21-12-1999
80654,08-04-2008
80667,11-08-2000
80668,24-03-1999
80680,04-01-2016
80689,06-02-1984
80702,30-08-2001
80702,09-10-2007
80703,04-03-2003
80713,17-05-2005
80718,20-05-1986
80721,20-05-2004
80726,20-09-1995
80727,13-07-2004
80729,16-09-2003
80735,08-10-1996
80745,08-12-2000
80751,01-10-1996
80753,23-01-2001
80758,24-01-2012
80773,20-09-2000
80778,12-08-2002
80781,02-08-2001
80783,28-08-2007
80817,12-02-2002
80823,19-02-2002
80829,16-05-2003
80831,17-10-2007
80831,02-02-2010
80832,19-08-1999
80833,25-03-2009
80839,03-05-2001
80841,25-06-1999
80841,17-08-2000
80845,30-03-1999
80846,29-07-2002
80849,01-11-1982
80852,07-02-2005
80858,01-02-2016
80916,09-07-1999
80919,26-12-2000
80927,09-05-2002
80930,25-07-1996
80931,28-07-1997
80944,19-07-2010
80946,08-06-2005
80967,07-11-2001
80971,14-10-2014
80982,22-07-1998
80995,16-11-2000
80995,10-12-2002
81011,14-09-2000
81014,15-02-2001
81015,13-09-2002
81016,28-04-1987
81023,07-11-2001
81024,28-03-1988
81051,01-10-2001
81057,24-06-2002
81062,17-06-2010
81072,20-02-2003
81072,05-03-2004
81073,20-06-2003
81074,11-02-2003
81079,04-05-2000
81081,14-03-2002
81097,19-05-2009
81100,10-03-2000
81100,14-11-2001
81101,30-06-2004
81107,06-05-1997
81109,29-03-2012
81114,28-04-2004
81115,08-08-1997
81119,13-02-2009
81123,01-07-2003
81128,06-09-2016
81150,17-11-1998
81151,30-06-2000
81163,10-09-1973
81172,20-03-2006
81181,03-10-2013
81185,31-05-2005
81202,31-03-2004
81209,27-07-2000
81214,01-03-2016
81219,17-10-2001
81239,01-07-2003
81240,19-01-2001
81243,01-01-1985
81247,19-10-2004
81248,12-12-2002
81249,01-07-2004
81257,15-07-2002
81264,19-01-2001
81266,25-06-1998
81266,28-12-2001
81267,30-12-1998
81269,03-01-1997
81270,29-03-2001
81280,11-07-2001
81288,31-12-2003
81438,17-01-2002
81462,06-01-1977
81469,22-03-2001
81470,28-12-2001
81478,01-11-1999
81485,21-09-1998
81485,17-08-2000
81493,12-04-1999
81498,01-02-1999
81502,01-11-2006
81529,19-11-1997
81530,23-11-2011
81536,13-08-2007
81548,30-05-2000
81553,06-08-2009
81561,28-10-2009
81572,22-06-1999
81583,06-10-2003
81585,17-08-1977
81587,09-10-2001
81593,30-09-2008
81594,08-11-2011
81596,25-01-2000
81607,08-02-2001
81615,30-09-1997
81619,16-10-1998
81630,23-03-1998
81632,20-12-1999
81638,28-12-2001
81639,01-06-2001
81642,11-10-1998
81644,05-04-2001
81647,28-10-2010
81650,30-09-2011
81654,17-02-2011
81662,29-12-1995
81666,21-03-2003
81668,14-12-2000
81676,26-05-2005
81680,18-08-2005
81689,09-09-2002
81713,17-02-2004
81720,30-01-1997
81739,06-06-2003
81753,12-10-2000
81756,21-11-2013
81757,19-01-1999
81757,30-10-2001
81776,27-04-2016
81848,28-02-2001
81864,23-03-1999
81874,17-04-2001
81879,08-10-1998
81880,09-11-1998
81884,30-12-2002
81888,31-10-2001
81889,30-11-2010
82051,31-12-1984
82070,14-03-1988
82155,07-04-2011
82157,02-02-2004
82169,15-03-2000
82175,15-06-1995
82175,24-06-1998
82175,03-10-2000
82183,19-02-1997
82184,26-02-2002
82185,09-10-1997
82189,07-08-1998
82193,23-05-2001
82201,18-12-2009
82210,20-09-1996
82219,04-03-1998
82221,01-11-2002
82223,08-03-1999
82242,08-07-2009
82243,25-09-2001
82247,11-12-2002
82247,19-08-2005
82252,10-02-1998
82253,01-10-2001
82261,07-02-2001
82261,20-11-2009
82266,02-02-2018
82277,12-03-1999
82342,01-01-1980
82406,15-08-1985
82449,15-07-2008
82492,03-02-2004
82493,10-05-2002
82501,22-12-2009
82514,24-09-2001
82534,30-07-2002
82538,11-02-1999
82540,15-07-2015
82545,27-02-1974
82556,12-01-2001
82582,25-10-2001
82590,04-09-2003
82600,28-10-1996
82615,04-03-2002
82626,19-08-1997
82657,26-11-1997
82663,05-02-2003
82675,03-08-2004
82676,30-06-1987
82682,12-10-1999
82687,07-10-1998
82691,12-02-1999
82692,31-12-1984
82715,12-01-1998
82716,18-09-2006
82719,31-01-2001
82729,29-03-1999
82757,15-06-1998
82761,09-10-1997
82784,22-01-2008
82791,31-05-2000
82792,08-01-2003
82795,31-10-2002
82810,04-03-2002
82811,01-08-2007
82813,09-02-2009
82815,28-08-1998
82822,08-09-2000
82829,03-12-2001
82831,10-06-2019
82835,14-07-2000
82837,11-07-2005
82844,10-06-1986
82852,01-01-1985
82856,26-04-2005
83046,22-04-1983
83054,23-07-1980
83118,24-04-1986
83128,19-03-2001
83133,24-09-2004
83141,29-09-2003
83142,31-01-2002
83147,22-07-1997
83159,05-03-1999
83159,29-06-2009
83169,15-05-1985
83170,01-05-2009
83173,01-06-2000
83176,01-04-1998
83179,29-09-2000
83185,01-11-2002
83193,18-12-2001
83266,23-02-1998
83267,26-02-2002
83297,05-06-2003
83301,04-12-2008
83305,03-02-2004
83308,06-07-2001
83310,19-10-2001
83312,26-04-2000
83319,16-02-1999
83323,08-11-2001
83342,23-07-2003
83348,19-08-2008
83370,15-03-2005
83388,07-03-2002
83403,12-10-1999
83403,19-10-2001
83415,03-09-2008
83441,17-01-1994
83449,02-12-2003
83452,24-01-2007
83457,13-05-2002
83458,14-07-2010
83479,25-07-2003
83485,13-04-2001
83487,27-02-2003
83487,10-05-2004
83491,08-08-1997
83493,01-05-2001
83512,20-04-1999
83521,01-01-1986
83526,23-06-2008
83527,02-05-2003
83530,24-12-1997
83536,14-05-1998
83543,21-11-2008
83549,31-05-2002
83550,12-04-1999
83566,14-08-2001
83566,25-09-2009
83567,04-09-2001
83568,27-12-2004
83578,27-03-2001
83580,30-04-2001
83594,20-04-2009
83611,02-10-1998
83618,11-04-2011
83622,19-02-2019
83624,15-06-2004
83634,14-08-1998
83655,07-01-1999
83656,12-02-2019
83674,14-02-2002
83680,19-11-1999
83681,29-05-2001
83691,27-07-2009
83692,17-12-1999
83700,29-12-1999
83708,01-01-1985
83709,13-04-2006
83719,20-07-1998
83719,20-12-2002
83726,12-07-2006
83739,11-01-2001
83743,26-08-2005
83745,12-07-2001
83751,23-03-2000
83753,12-03-1998
83761,06-12-2001
83761,15-05-2009
83765,29-05-2007
83775,17-09-1985
83780,09-01-2001
83786,13-04-2000
83788,26-01-2000
83804,14-03-2003
83813,26-07-2005
83816,23-01-2003
83829,20-09-2000
83840,01-11-2013
83841,19-10-2001
83857,28-05-1999
83860,03-11-2006
83865,27-04-2000
83870,27-07-1999
83873,08-09-1999
83881,09-11-1998
83890,03-02-2000
83897,30-04-2010
83901,02-06-2000
83904,08-09-1998
83905,13-11-2001
83918,12-05-2005
83919,21-12-2001
83925,08-06-2000
83936,06-10-1998
83947,21-10-2009
83952,12-02-2002
83954,20-03-2007
83959,15-08-2001
83975,27-02-1998
83981,23-12-2005
83985,03-03-2004
83995,07-01-2009
84018,24-12-1998
84031,12-02-2009
84040,04-03-2003
84045,22-09-2000
84047,10-12-2002
84050,01-08-2000
84065,03-09-1999
84065,13-10-2000
84074,21-10-1998
84077,27-09-2000
84094,01-05-2000
84094,20-08-2002
84096,05-12-2001
84108,05-03-2012
84117,02-06-2004
84126,19-01-1999
84132,08-06-2000
84138,24-10-2002
84144,11-03-2005
84147,02-05-2001
84164,17-12-2007
84169,02-05-2008
84188,01-01-1985
84191,04-01-2002
84195,24-03-1999
84200,04-09-2002
84201,15-12-1998
84205,31-03-2003
84216,25-01-2002
84216,08-10-2007
84221,02-12-1998
84227,15-02-2001
84229,07-02-2008
84231,03-06-2003
84233,22-06-2001
84234,19-01-1999
84235,12-04-2000
84241,27-03-2003
84244,18-07-2001
84246,11-05-1999
84247,16-03-2009
84251,03-05-2001
84252,02-08-2000
84264,31-08-2000
84270,02-11-1998
84274,08-09-2003
84274,04-08-2005
84282,17-08-2001
84288,29-06-2001
84308,23-03-1999
84308,25-03-2002
84309,12-02-2014
84311,06-02-2013
84318,22-08-2000
84321,15-06-2012
84326,06-06-2006
84330,28-01-2013
84335,06-04-2001
84341,26-09-2003
84345,16-01-2008
84351,03-03-1999
84351,15-04-2014
84360,26-05-1999
84363,03-06-2004
84400,09-05-2006
84412,26-07-2002
84416,11-04-2014
84423,10-08-1999
84427,15-11-2000
84434,06-03-2003
84487,22-11-1982
84508,27-01-2005
84520,23-03-2001
84521,07-12-1999
84521,31-01-2003
84530,02-10-2009
84553,10-03-2015
84563,14-08-1995
84564,04-04-2002
84567,13-05-1982
84572,10-05-2011
84577,12-11-2008
84581,19-02-2019
84610,17-11-1999
84619,20-07-2000
84628,12-04-2001
84635,21-11-2001
84645,14-05-1999
84653,17-04-1998
84690,01-01-1982
84724,27-04-1999
84729,23-10-2002
84731,14-02-2002
84732,10-10-2003
84732,23-12-2004
84735,12-03-2003
84739,13-08-2001
84745,19-07-2002
84747,31-12-1998
84753,23-08-2001
84755,07-10-2002
84771,27-01-2000
84790,20-06-2001
84797,10-03-1999
84808,18-05-2017
85001,15-10-2004
85004,07-03-2001
85005,17-12-2010
85009,04-09-1992
85025,06-04-2007
85043,13-03-2001
85043,08-08-2002
85046,21-10-2002
85055,20-12-1999
85078,27-06-2003
85105,18-12-1986
85159,23-01-2004
85160,15-10-2001
85163,21-12-1999
85168,09-03-2015
85180,27-04-2001
85188,24-07-2000
85192,24-12-2009
85196,28-09-2007
85215,10-02-1999
85216,16-11-2011
85242,24-07-2001
85243,05-02-2002
85247,14-11-2001
85266,17-12-2003
85275,08-02-2001
85283,14-02-2000
85286,29-09-1999
85286,31-05-2009
85302,15-02-2002
85364,13-03-2003
85365,28-09-1999
85379,14-09-2001
85386,01-12-1999
85388,17-06-2002
85396,01-06-2004
85401,18-09-2014
85402,30-09-2011
85410,13-08-2007
85433,15-09-2008
85433,22-07-2016
85439,29-03-1977
85454,10-04-2001
85457,25-01-2011
85471,01-01-1987
85473,26-06-2002
85475,20-05-2008
85479,22-05-2002
85489,11-06-2001
85501,26-03-2001
85505,14-12-2001
85507,20-06-2000
85508,13-05-2001
85512,16-12-2004
85523,27-12-2007
85525,05-02-2002
85527,24-07-2001
85547,28-05-2003
85550,02-07-2012
85563,16-06-2000
85575,03-06-2003
85581,21-05-2001
85584,02-11-2000
85597,03-07-2001
85603,31-03-2004
85606,19-11-2002
85607,10-08-1997
85622,16-04-2009
85625,03-02-2009
85633,13-01-2009
85670,03-04-2001
85682,06-12-1977
85692,20-10-1998
85700,28-08-2001
85713,12-06-2003
85713,04-03-2013
85714,24-07-2009
85733,03-04-2002
85742,02-10-2002
85768,15-02-2006
85772,03-09-2019
85774,27-01-2003
85775,22-03-2002
85802,04-02-2004
85805,21-12-1998
85805,23-06-2004
85821,11-03-1997
85827,14-11-2001
85832,26-08-2010
85837,17-03-2009
85846,16-07-2008
85849,21-02-2002
85849,15-05-2008
85853,05-03-1999
85868,22-01-2007
85870,27-09-2001
85872,20-03-2000
85872,11-09-2002
85882,31-01-2008
85884,22-02-2001
85887,10-06-2002
85896,15-03-2010
85902,16-12-2003
85906,23-06-1988
85909,01-12-2017
85909,11-02-2019
85921,24-05-2002
85930,05-02-2001
85962,14-03-2003
85965,13-06-2002
85974,20-12-2001
85975,23-01-2004
85977,31-01-2003
85978,03-05-2010
85979,20-01-2005
85984,04-01-2005
85987,04-01-2008
85995,15-05-2009
86007,08-04-2009
86022,15-02-2001
86025,16-05-2010
86037,01-07-2011
86038,29-02-2008
86039,11-12-2000
86045,15-11-2000
86046,02-07-2001
86049,05-12-2001
86058,15-06-2001
86060,15-07-2003
86065,19-08-1999
86070,03-04-2002
86077,15-04-2002
86089,07-07-2001
86089,29-01-2003
86090,03-02-2006
86094,13-04-2001
86095,01-08-1986
86103,19-03-2001
86109,29-05-2009
86112,10-12-2003
86132,17-02-1987
86140,07-05-2001
86148,09-10-2001
86155,30-11-2017
86165,18-05-2009
86167,25-01-2008
86171,20-08-2008
86175,24-06-1988
86179,24-07-2000
86183,27-10-1989
86189,28-01-2013
86193,25-01-2002
86197,09-08-2004
86227,27-06-2003
86230,12-01-2009
86233,05-03-2014
86238,15-05-2003
86239,07-11-1990
86243,30-05-2001
86249,08-04-2013
86257,06-07-2000
86270,15-05-2009
86275,07-09-2000
86283,28-06-2002
86284,11-06-2014
86289,21-09-2001
86298,11-06-2007
86309,20-12-2001
86310,19-04-2000
86316,15-10-2002
86326,07-02-2002
86331,19-02-2002
86343,01-01-1988
86344,26-07-2001
86360,14-04-2003
86361,01-11-2002
86371,28-06-2002
86412,22-02-2001
86419,26-01-2010
86422,08-01-2001
86424,11-08-2003
86425,14-02-2003
86435,01-11-2005
86437,16-11-2009
86446,04-01-2001
86496,28-02-2013
86512,19-04-2011
86521,06-02-2008
86532,30-05-2001
86536,09-01-2001
86538,23-05-2001
86539,12-01-2001
86569,17-08-2001
86574,29-10-2012
86591,14-10-2005
86610,05-05-1992
86642,11-09-1990
86642,23-01-2001
86677,08-09-2000
86711,22-05-2002
86712,26-12-2000
86715,06-05-2015
86722,01-01-1986
86736,23-12-2002
86748,21-10-2005
86759,17-03-2015
86762,05-03-2008
86767,28-01-2004
86772,13-05-2003
86781,03-09-1987
86790,21-11-2001
86800,06-06-1986
86801,15-10-2002
86815,20-03-2002
86816,18-04-2002
86831,07-02-2001
86833,12-07-2002
86847,10-12-2014
86848,17-01-2002
86849,28-08-2000
86850,30-03-2012
86862,02-08-2001
86891,25-05-2001
86894,26-04-2001
86905,17-01-2001
86907,14-11-2002
86914,04-11-2003
86915,29-04-2010
86925,07-10-2002
86969,20-12-2000
86975,11-10-2016
86976,15-09-2003
86980,17-12-2001
86986,27-11-2002
87002,13-04-2009
87003,17-03-2000
87008,14-05-2004
87011,15-05-2001
87017,14-03-2008
87018,07-06-2002
87019,04-02-2002
87024,16-04-2010
87026,28-04-2010
87028,25-10-2002
87036,21-12-2004
87050,21-08-2003
87057,16-07-2009
87063,06-06-1989
87064,25-04-2002
87073,08-08-2002
87090,01-08-1991
87096,26-06-2002
87102,18-12-2002
87103,07-10-2004
87104,19-04-2001
87106,20-06-2003
87107,20-12-2002
87108,27-08-2002
87111,03-05-2004
87124,27-04-2001
87129,05-10-2011
87135,08-08-1986
87150,11-03-2002
87154,03-12-2001
87156,31-07-2006
87169,14-09-2004
87177,11-09-2003
87185,26-06-2002
87191,30-01-2001
87202,12-10-2000
87203,19-07-2000
87207,23-03-2004
87209,31-03-2017
87240,31-05-2001
87244,16-03-2001
87249,19-09-2002
87252,11-02-2003
87253,06-11-2002
87259,21-12-2001
87266,14-04-1989
87295,02-05-2002
87304,05-09-2001
87305,21-12-2000
87309,20-12-2001
87310,14-08-2017
87314,12-04-2001
87319,24-07-2003
87334,19-10-2001
87351,03-11-2003
87358,09-08-2007
87375,30-08-2019
87378,27-03-2009
87395,30-05-2002
87407,01-05-2007
87409,22-12-2000
87411,07-03-2001
87428,27-07-2001
87434,28-11-2001
87452,04-04-2003
87463,24-11-2003
87468,01-04-2002
87472,26-09-2005
87474,23-05-2006
87480,13-11-2001
87491,09-10-2001
87495,30-03-2008
87502,25-01-2002
87517,20-04-2001
87518,08-02-2007
87522,22-11-1989
87535,12-11-2002
87560,15-08-2001
87564,01-03-2010
87577,05-06-2013
87579,15-11-2007
87582,13-05-2003
87584,01-02-2011
87596,07-10-2004
87603,14-02-2007
87605,31-03-2009
87607,25-04-2002
87610,11-06-2002
87619,10-03-2009
87626,12-05-2005
87636,25-07-2019
87645,26-06-1992
87665,11-03-2002
87667,30-01-2002
87668,03-10-2002
87709,01-01-1989
87755,15-01-2014
87756,14-09-2007
87766,31-07-2001
87770,15-02-2002
87772,29-07-2002
87796,21-11-2001
87801,07-08-2009
87811,11-09-2014
87816,28-09-2016
87823,04-08-2004
87830,16-06-2003
88082,28-09-1989
88111,18-06-2004
88150,22-06-2004
88155,21-08-2003
88170,31-10-2000
88175,10-02-2003
88176,31-01-2003
88201,28-06-2001
88206,22-05-2007
88232,16-05-2003
88232,14-06-2017
88234,07-02-2003
88241,18-01-2002
88251,11-10-2001
88261,16-02-2001
88273,16-04-2002
88276,03-06-2003
88306,01-01-1990
88319,04-06-2009
88323,13-11-2001
88335,10-11-2014
88345,04-12-2002
88350,25-07-2002
88414,17-05-2002
88432,03-06-2010
88437,01-10-1986
88472,25-02-2003
88479,02-06-2003
88486,05-02-2003
88492,18-06-2003
88498,07-10-2008
88500,24-06-2005
88513,28-08-2003
88515,01-07-2003
88518,27-10-2004
88522,25-04-2003
88536,11-10-2002
88537,26-02-2015
88540,13-01-2006
88544,31-03-2009
88561,07-10-2002
88572,25-03-2019
88573,14-02-2007
88577,16-10-2008
88582,15-11-2001
88585,13-06-2005
88587,19-01-2017
88589,28-08-2002
88599,28-02-2002
88601,16-07-2003
88613,09-06-1993
88620,31-03-2009
88623,15-11-2006
88638,13-05-2002
88641,10-12-2001
88642,06-06-2008
88643,21-07-2000
88644,18-04-2002
88661,20-09-2007
88667,01-12-2006
88679,14-06-2002
88701,24-08-1992
88717,21-11-2002
88724,24-10-2001
88730,05-12-2008
88740,14-08-2018
88741,14-01-2003
88751,14-11-2003
88783,08-05-2003
88791,31-10-2011
88794,13-12-2002
88797,26-09-2011
88799,15-08-2011
88801,23-03-2011
88806,30-07-2001
88806,03-11-2014
88816,16-03-1989
88817,05-05-2009
88864,05-02-2002
88882,03-05-2016
88906,20-08-2012
88910,23-02-2009
88913,08-02-2006
88925,21-08-2000
88925,29-09-2005
88945,01-04-2013
88950,19-01-2004
88973,08-06-2004
88980,03-06-2002
88987,04-10-2006
88991,13-04-2016
88992,20-08-2007
88992,14-06-2017
89018,17-11-2011
89026,01-01-1985
89027,29-07-2002
89032,10-01-2005
89045,22-07-2009
89077,19-10-1992
89077,15-11-2001
89093,05-10-2004
89106,16-04-1990
89165,05-08-1986
89173,09-08-1988
89212,30-07-2002
89217,12-12-2001
89218,13-02-2015
89237,21-09-2009
89280,01-03-2002
89300,14-03-2008
89312,23-03-2006
89315,01-08-2007
89325,07-02-2002
89347,06-08-2008
89366,30-07-2010
89370,27-12-2006
89370,09-07-2010
89384,01-01-1987
89399,06-05-2016
89421,20-04-1990
89446,15-01-2004
89452,19-01-2007
89452,23-03-2016
89463,04-11-2009
89464,01-08-1987
89523,08-09-2003
89531,06-07-2010
89536,20-06-1986
89552,28-02-2002
89559,20-07-2005
89567,28-09-2016
89608,02-02-1993
89631,16-06-2009
89644,06-07-2004
89675,12-06-1989
89739,01-01-1986
89743,29-10-2008
89750,31-08-2004
89751,09-11-2009
89757,15-10-2018
89806,23-12-2009
89829,09-08-2005
89831,08-07-2008
89834,18-04-2008
89854,28-10-2005
89860,04-05-2010
89861,26-06-2009
89865,31-12-2014
89873,01-03-2010
89885,09-08-2012
89886,23-12-1996
89888,26-01-2015
89899,11-02-2008
89919,02-04-2012
89928,13-11-2008
89943,11-03-2010
89962,08-09-2008
89963,17-05-2005
89974,01-02-1986
89978,25-01-1999
90024,03-10-2012
90025,15-01-2010
90093,24-06-2010
90128,11-06-2008
90159,08-08-2008
90182,01-01-1988
90192,26-02-2016
90196,06-05-2004
90196,21-06-2013
90204,14-10-2014
90209,24-05-2011
90212,14-11-2008
90229,27-10-2009
90247,03-05-2013
90254,11-11-1991
90255,15-08-2007
90270,24-07-2009
90273,15-10-2015
90308,15-10-2007
90317,24-09-2010
90318,04-05-2010
90337,24-09-2010
90395,30-04-2009
90411,24-06-2015
90437,07-11-2008
90453,08-11-2007
90475,28-08-2009
90480,11-08-2009
90492,03-06-2016
90538,08-04-2014
90547,03-08-2015
90555,26-10-2009
90556,03-06-2019
90560,27-06-2013
90566,30-04-2008
90596,21-09-2001
90629,23-03-2009
90643,08-10-2009
90653,12-03-2008
90678,13-03-2012
90681,12-03-2015
90700,30-03-2010
90719,09-04-2010
90724,06-08-2014
90727,18-07-2012
90738,02-06-2009
90746,08-02-2012
90750,01-02-2016
90777,31-03-2009
90788,29-07-2011
90791,29-03-2019
90809,05-06-2012
90813,21-04-2014
90816,25-01-2011
90823,31-07-2009
90826,07-01-2009
90847,17-04-2012
90848,21-10-2005
90852,17-10-1997
90863,02-07-2013
90865,01-05-2019
90877,29-10-2008
90904,22-07-2010
90911,25-02-2009
90937,04-03-2009
90938,10-11-2008
90939,16-09-2011
90945,10-11-2008
90947,24-03-2010
90951,17-08-2015
90968,25-07-2016
90970,07-07-2010
90974,08-04-2013
90990,17-03-2008
91012,20-01-2009
91019,02-05-2011
91029,02-03-2009
91031,16-09-2009
91036,12-06-2009
91039,05-02-2009
91040,25-10-2016
91062,01-01-1986
91069,01-11-2018
91074,12-11-2009
91078,08-03-2019
91081,11-05-2016
91088,13-11-2018
91097,24-12-1987
91109,17-01-2018
91136,08-10-2015
91150,22-08-2006
91159,04-09-2009
91169,26-10-1989
91193,22-01-1997
91206,22-09-1988
91211,14-07-2009
91268,16-07-2009
91280,19-06-2009
91281,03-08-1989
91282,11-01-2013
91283,28-07-2016
91288,13-04-2009
91322,06-11-2008
91347,25-11-2009
91359,17-07-2009
91364,14-06-2016
91369,27-01-2012
91391,28-02-2019
91396,26-04-1989
91419,15-12-2015
91420,23-01-2009
91469,10-10-2008
91489,02-04-2018
91494,16-05-2016
91496,24-03-2010
91506,01-04-2009
91512,09-02-2009
91524,27-09-2013
91576,31-03-2009
91598,24-03-2016
91655,05-11-2018
91660,02-12-2008
91681,11-05-2009
91708,06-12-1988
91739,21-06-2019
91740,01-04-2009
91746,21-10-2008
91767,13-12-2000
91775,03-01-1992
91804,22-07-2003
91820,14-12-2010
91840,03-05-2011
91903,23-10-2008
91905,30-01-2018
91946,15-09-2009
91958,25-04-2008
91961,29-05-2009
91965,12-03-2018
91976,15-10-2015
91986,12-04-1988
92006,13-07-1990
92012,01-04-2009
92030,12-08-2011
92033,01-11-2012
92037,12-12-2008
92042,15-11-2012
92081,18-11-1988
92099,22-10-2010
92101,11-08-2015
92137,10-01-1992
92150,03-12-2015
92161,31-07-1986
92177,07-03-2017
92180,11-04-1988
92180,30-01-2003
92190,03-11-2011
92193,14-05-2009
92205,18-05-2018
92206,22-07-2008
92208,06-01-2009
92215,14-04-2016
92216,15-07-2013
92217,28-01-1993
92232,02-02-2016
92235,29-10-2008
92243,24-03-2014
92266,12-12-2017
92276,18-08-1989
92312,11-01-2013
92315,30-10-2009
92319,14-11-2014
92321,29-06-1983
92346,09-07-2012
92356,01-01-1990
92375,02-02-2017
92375,01-04-2019
92395,01-05-2017
92420,26-12-1989
92421,16-05-2016
92429,19-11-2019
92483,24-08-2009
92484,05-11-2010
92487,02-07-1987
92495,01-01-1986
92524,25-11-1997
92526,22-04-2010
92535,04-03-2016
92540,22-06-2015
92547,20-09-2010
92557,13-12-2019
92612,01-01-1989
92612,09-11-2001
92663,29-05-2009
92670,26-01-2016
92722,13-12-2010
92727,01-01-1985
92758,10-10-2014
92763,14-12-2015
92775,25-07-2019
92777,01-07-2019
92821,03-10-1996
92874,16-02-2017
92946,27-09-1989
92954,01-01-1988
92962,31-01-1992
92989,20-07-1990
92997,10-02-1995
93006,14-02-2011
93007,26-04-2013
93033,14-04-1988
93037,17-10-2012
93041,01-01-1989
93041,20-12-2001
93069,13-10-2004
93078,01-08-2017
93095,10-05-2019
93105,04-05-2010
93106,26-04-2018
93152,14-12-2017
93172,15-10-1986
93194,18-03-2013
93240,18-03-2013
93310,01-04-2016
93317,27-03-2014
93346,12-02-2014
93348,19-01-2011
93351,07-04-2014
93355,06-12-2013
93358,29-12-2014
93391,17-09-2013
93398,06-10-2015
93430,27-02-2012
,
,
,
,
,
,
,
,
,
,
,
,
,
,
,
,
,
,
,
,
,
,
,
,
,
,
,
,
,
,
,
,
,
,
,
,
,
,
,
,
,
,
,
,
,
,
,
,
,
,
,
,
,
,
,
,
,
,
,
,
,
,
,
,
,
,
,
,
,
,
,
,
,
,
,
,
,
,
,
,
,
,
,
,
,
,
,
,
,
,
,
,
,
,
,
,
,
,
,
,
,
,
,
,
,
,
,
,
,
,
,
,
,
,
,
,
,
,
,
,
,
,
,
,
,
,
,
,
,
,
,
,
,
,
,
,
,
,
,
,
,
,
,
,
,
,
,
,
,
,
,
,
,
,
,
,
,
,
,
,
,
,
,
,
,
,
,
,
,
,
,
,
,
,
,
,
,
,
,
,
,
,
,
,
,
,
,
,
,
,
,
,
,
,
,
,
,
,
,
,
,
,
,
,
,
,
,
,
,
,
,
,
,
,
,
,
,
,
,
,
,
,
,
,
,
,
,
,
,
,
,
,
,
,
,
,
,
,
,
,
,
,
,
,
,
,
,
,
,
,
,
,
,
,
,
,
,
,
,
,
,
,
,
,
,
,
,
,
,
,
,
,
,
,
,
,
,
,
,
,
,
,
,
,
,
,
,
,
,
,
,
,
,
,
,
